[
  {
    "name": "Application Start",
    "start": 1580739008124,
    "end": 1580739008838,
    "duration": 714,
    "pid": 17184,
    "index": 0
  },
  {
    "name": "Load Plugin",
    "start": 1580739008130,
    "end": 1580739008147,
    "duration": 17,
    "pid": 17184,
    "index": 1
  },
  {
    "name": "Load Config",
    "start": 1580739008148,
    "end": 1580739008164,
    "duration": 16,
    "pid": 17184,
    "index": 2
  },
  {
    "name": "Require(0) config/config.default.js",
    "start": 1580739008148,
    "end": 1580739008149,
    "duration": 1,
    "pid": 17184,
    "index": 3
  },
  {
    "name": "Require(1) node_modules/egg-session/config/config.default.js",
    "start": 1580739008150,
    "end": 1580739008150,
    "duration": 0,
    "pid": 17184,
    "index": 4
  },
  {
    "name": "Require(2) node_modules/egg-security/config/config.default.js",
    "start": 1580739008150,
    "end": 1580739008151,
    "duration": 1,
    "pid": 17184,
    "index": 5
  },
  {
    "name": "Require(3) node_modules/egg-jsonp/config/config.default.js",
    "start": 1580739008151,
    "end": 1580739008151,
    "duration": 0,
    "pid": 17184,
    "index": 6
  },
  {
    "name": "Require(4) node_modules/egg-onerror/config/config.default.js",
    "start": 1580739008152,
    "end": 1580739008152,
    "duration": 0,
    "pid": 17184,
    "index": 7
  },
  {
    "name": "Require(5) node_modules/egg-i18n/config/config.default.js",
    "start": 1580739008152,
    "end": 1580739008152,
    "duration": 0,
    "pid": 17184,
    "index": 8
  },
  {
    "name": "Require(6) node_modules/egg-watcher/config/config.default.js",
    "start": 1580739008153,
    "end": 1580739008153,
    "duration": 0,
    "pid": 17184,
    "index": 9
  },
  {
    "name": "Require(7) node_modules/egg-schedule/config/config.default.js",
    "start": 1580739008153,
    "end": 1580739008154,
    "duration": 1,
    "pid": 17184,
    "index": 10
  },
  {
    "name": "Require(8) node_modules/egg-multipart/config/config.default.js",
    "start": 1580739008154,
    "end": 1580739008154,
    "duration": 0,
    "pid": 17184,
    "index": 11
  },
  {
    "name": "Require(9) node_modules/egg-development/config/config.default.js",
    "start": 1580739008155,
    "end": 1580739008155,
    "duration": 0,
    "pid": 17184,
    "index": 12
  },
  {
    "name": "Require(10) node_modules/egg-logrotator/config/config.default.js",
    "start": 1580739008155,
    "end": 1580739008155,
    "duration": 0,
    "pid": 17184,
    "index": 13
  },
  {
    "name": "Require(11) node_modules/egg-static/config/config.default.js",
    "start": 1580739008156,
    "end": 1580739008156,
    "duration": 0,
    "pid": 17184,
    "index": 14
  },
  {
    "name": "Require(12) node_modules/egg-view/config/config.default.js",
    "start": 1580739008156,
    "end": 1580739008157,
    "duration": 1,
    "pid": 17184,
    "index": 15
  },
  {
    "name": "Require(13) node_modules/egg-mysql/config/config.default.js",
    "start": 1580739008157,
    "end": 1580739008157,
    "duration": 0,
    "pid": 17184,
    "index": 16
  },
  {
    "name": "Require(14) node_modules/egg-cors/config/config.default.js",
    "start": 1580739008157,
    "end": 1580739008158,
    "duration": 1,
    "pid": 17184,
    "index": 17
  },
  {
    "name": "Require(15) node_modules/egg-mongoose/config/config.default.js",
    "start": 1580739008158,
    "end": 1580739008158,
    "duration": 0,
    "pid": 17184,
    "index": 18
  },
  {
    "name": "Require(16) node_modules/egg/config/config.default.js",
    "start": 1580739008158,
    "end": 1580739008159,
    "duration": 1,
    "pid": 17184,
    "index": 19
  },
  {
    "name": "Require(17) config/config.default.js",
    "start": 1580739008160,
    "end": 1580739008160,
    "duration": 0,
    "pid": 17184,
    "index": 20
  },
  {
    "name": "Require(18) node_modules/egg-security/config/config.local.js",
    "start": 1580739008160,
    "end": 1580739008160,
    "duration": 0,
    "pid": 17184,
    "index": 21
  },
  {
    "name": "Require(19) node_modules/egg-watcher/config/config.local.js",
    "start": 1580739008161,
    "end": 1580739008161,
    "duration": 0,
    "pid": 17184,
    "index": 22
  },
  {
    "name": "Require(20) node_modules/egg-view/config/config.local.js",
    "start": 1580739008162,
    "end": 1580739008163,
    "duration": 1,
    "pid": 17184,
    "index": 23
  },
  {
    "name": "Require(21) node_modules/egg/config/config.local.js",
    "start": 1580739008164,
    "end": 1580739008164,
    "duration": 0,
    "pid": 17184,
    "index": 24
  },
  {
    "name": "Load extend/application.js",
    "start": 1580739008166,
    "end": 1580739008179,
    "duration": 13,
    "pid": 17184,
    "index": 25
  },
  {
    "name": "Require(22) node_modules/egg-session/app/extend/application.js",
    "start": 1580739008166,
    "end": 1580739008167,
    "duration": 1,
    "pid": 17184,
    "index": 26
  },
  {
    "name": "Require(23) node_modules/egg-security/app/extend/application.js",
    "start": 1580739008167,
    "end": 1580739008168,
    "duration": 1,
    "pid": 17184,
    "index": 27
  },
  {
    "name": "Require(24) node_modules/egg-jsonp/app/extend/application.js",
    "start": 1580739008168,
    "end": 1580739008170,
    "duration": 2,
    "pid": 17184,
    "index": 28
  },
  {
    "name": "Require(25) node_modules/egg-logrotator/app/extend/application.js",
    "start": 1580739008170,
    "end": 1580739008175,
    "duration": 5,
    "pid": 17184,
    "index": 29
  },
  {
    "name": "Require(26) node_modules/egg-view/app/extend/application.js",
    "start": 1580739008176,
    "end": 1580739008177,
    "duration": 1,
    "pid": 17184,
    "index": 30
  },
  {
    "name": "Load extend/request.js",
    "start": 1580739008179,
    "end": 1580739008183,
    "duration": 4,
    "pid": 17184,
    "index": 31
  },
  {
    "name": "Require(27) node_modules/egg/app/extend/request.js",
    "start": 1580739008180,
    "end": 1580739008181,
    "duration": 1,
    "pid": 17184,
    "index": 32
  },
  {
    "name": "Load extend/response.js",
    "start": 1580739008183,
    "end": 1580739008188,
    "duration": 5,
    "pid": 17184,
    "index": 33
  },
  {
    "name": "Require(28) node_modules/egg/app/extend/response.js",
    "start": 1580739008184,
    "end": 1580739008185,
    "duration": 1,
    "pid": 17184,
    "index": 34
  },
  {
    "name": "Require(29) app/extend/response.js",
    "start": 1580739008186,
    "end": 1580739008186,
    "duration": 0,
    "pid": 17184,
    "index": 35
  },
  {
    "name": "Load extend/context.js",
    "start": 1580739008188,
    "end": 1580739008266,
    "duration": 78,
    "pid": 17184,
    "index": 36
  },
  {
    "name": "Require(30) node_modules/egg-security/app/extend/context.js",
    "start": 1580739008188,
    "end": 1580739008199,
    "duration": 11,
    "pid": 17184,
    "index": 37
  },
  {
    "name": "Require(31) node_modules/egg-jsonp/app/extend/context.js",
    "start": 1580739008200,
    "end": 1580739008201,
    "duration": 1,
    "pid": 17184,
    "index": 38
  },
  {
    "name": "Require(32) node_modules/egg-i18n/app/extend/context.js",
    "start": 1580739008202,
    "end": 1580739008202,
    "duration": 0,
    "pid": 17184,
    "index": 39
  },
  {
    "name": "Require(33) node_modules/egg-multipart/app/extend/context.js",
    "start": 1580739008202,
    "end": 1580739008259,
    "duration": 57,
    "pid": 17184,
    "index": 40
  },
  {
    "name": "Require(34) node_modules/egg-view/app/extend/context.js",
    "start": 1580739008260,
    "end": 1580739008261,
    "duration": 1,
    "pid": 17184,
    "index": 41
  },
  {
    "name": "Require(35) node_modules/egg-mongoose/app/extend/context.js",
    "start": 1580739008262,
    "end": 1580739008262,
    "duration": 0,
    "pid": 17184,
    "index": 42
  },
  {
    "name": "Require(36) node_modules/egg/app/extend/context.js",
    "start": 1580739008263,
    "end": 1580739008264,
    "duration": 1,
    "pid": 17184,
    "index": 43
  },
  {
    "name": "Load extend/helper.js",
    "start": 1580739008266,
    "end": 1580739008291,
    "duration": 25,
    "pid": 17184,
    "index": 44
  },
  {
    "name": "Require(37) node_modules/egg-security/app/extend/helper.js",
    "start": 1580739008268,
    "end": 1580739008285,
    "duration": 17,
    "pid": 17184,
    "index": 45
  },
  {
    "name": "Require(38) node_modules/egg/app/extend/helper.js",
    "start": 1580739008287,
    "end": 1580739008288,
    "duration": 1,
    "pid": 17184,
    "index": 46
  },
  {
    "name": "Require(39) app/extend/helper.js",
    "start": 1580739008288,
    "end": 1580739008289,
    "duration": 1,
    "pid": 17184,
    "index": 47
  },
  {
    "name": "Load app.js",
    "start": 1580739008292,
    "end": 1580739008337,
    "duration": 45,
    "pid": 17184,
    "index": 48
  },
  {
    "name": "Require(40) node_modules/egg-session/app.js",
    "start": 1580739008292,
    "end": 1580739008293,
    "duration": 1,
    "pid": 17184,
    "index": 49
  },
  {
    "name": "Require(41) node_modules/egg-security/app.js",
    "start": 1580739008294,
    "end": 1580739008295,
    "duration": 1,
    "pid": 17184,
    "index": 50
  },
  {
    "name": "Require(42) node_modules/egg-onerror/app.js",
    "start": 1580739008296,
    "end": 1580739008305,
    "duration": 9,
    "pid": 17184,
    "index": 51
  },
  {
    "name": "Require(43) node_modules/egg-i18n/app.js",
    "start": 1580739008305,
    "end": 1580739008315,
    "duration": 10,
    "pid": 17184,
    "index": 52
  },
  {
    "name": "Require(44) node_modules/egg-watcher/app.js",
    "start": 1580739008316,
    "end": 1580739008319,
    "duration": 3,
    "pid": 17184,
    "index": 53
  },
  {
    "name": "Require(45) node_modules/egg-schedule/app.js",
    "start": 1580739008319,
    "end": 1580739008320,
    "duration": 1,
    "pid": 17184,
    "index": 54
  },
  {
    "name": "Require(46) node_modules/egg-multipart/app.js",
    "start": 1580739008321,
    "end": 1580739008324,
    "duration": 3,
    "pid": 17184,
    "index": 55
  },
  {
    "name": "Require(47) node_modules/egg-development/app.js",
    "start": 1580739008325,
    "end": 1580739008325,
    "duration": 0,
    "pid": 17184,
    "index": 56
  },
  {
    "name": "Require(48) node_modules/egg-logrotator/app.js",
    "start": 1580739008325,
    "end": 1580739008325,
    "duration": 0,
    "pid": 17184,
    "index": 57
  },
  {
    "name": "Require(49) node_modules/egg-static/app.js",
    "start": 1580739008325,
    "end": 1580739008326,
    "duration": 1,
    "pid": 17184,
    "index": 58
  },
  {
    "name": "Require(50) node_modules/egg-mysql/app.js",
    "start": 1580739008326,
    "end": 1580739008336,
    "duration": 10,
    "pid": 17184,
    "index": 59
  },
  {
    "name": "Require(51) node_modules/egg-cors/app.js",
    "start": 1580739008336,
    "end": 1580739008336,
    "duration": 0,
    "pid": 17184,
    "index": 60
  },
  {
    "name": "Require(52) node_modules/egg-mongoose/app.js",
    "start": 1580739008336,
    "end": 1580739008337,
    "duration": 1,
    "pid": 17184,
    "index": 61
  },
  {
    "name": "Before Start in node_modules/egg-watcher/lib/init.js:15:14",
    "start": 1580739008347,
    "end": 1580739008838,
    "duration": 491,
    "pid": 17184,
    "index": 62
  },
  {
    "name": "Before Start in node_modules/egg-mongoose/lib/mongoose.js:91:7",
    "start": 1580739008724,
    "end": 1580739008836,
    "duration": 112,
    "pid": 17184,
    "index": 63
  },
  {
    "name": "Before Start in node_modules/egg-mongoose/lib/mongoose.js:49:9",
    "start": 1580739008725,
    "end": 1580739008824,
    "duration": 99,
    "pid": 17184,
    "index": 64
  },
  {
    "name": "Load Service",
    "start": 1580739008725,
    "end": 1580739008730,
    "duration": 5,
    "pid": 17184,
    "index": 65
  },
  {
    "name": "Load \"service\" to Context",
    "start": 1580739008725,
    "end": 1580739008730,
    "duration": 5,
    "pid": 17184,
    "index": 66
  },
  {
    "name": "Load Middleware",
    "start": 1580739008730,
    "end": 1580739008795,
    "duration": 65,
    "pid": 17184,
    "index": 67
  },
  {
    "name": "Load \"middlewares\" to Application",
    "start": 1580739008730,
    "end": 1580739008786,
    "duration": 56,
    "pid": 17184,
    "index": 68
  },
  {
    "name": "Load Controller",
    "start": 1580739008795,
    "end": 1580739008799,
    "duration": 4,
    "pid": 17184,
    "index": 69
  },
  {
    "name": "Load \"controller\" to Application",
    "start": 1580739008795,
    "end": 1580739008799,
    "duration": 4,
    "pid": 17184,
    "index": 70
  },
  {
    "name": "Load Router",
    "start": 1580739008799,
    "end": 1580739008801,
    "duration": 2,
    "pid": 17184,
    "index": 71
  },
  {
    "name": "Require(53) app/router.js",
    "start": 1580739008799,
    "end": 1580739008800,
    "duration": 1,
    "pid": 17184,
    "index": 72
  },
  {
    "name": "Before Start in node_modules/egg-core/lib/egg.js:303:10",
    "start": 1580739008800,
    "end": 1580739008824,
    "duration": 24,
    "pid": 17184,
    "index": 73
  },
  {
    "name": "Load \"model\" to Application",
    "start": 1580739008811,
    "end": 1580739008823,
    "duration": 12,
    "pid": 17184,
    "index": 74
  }
]